md5_hash,prompt,continuation
b185ace11caa9989c939b829c00fdb44,This video also covers the,elbow and a wrist stretch.
62f6b3b5052f7bdf462510f011bbbfd0,"See the list of countries, participating","theaters, and promotion dates below."
3138f4de54437c6446cde4ec8c209aab,Early in its existence Repton seems to have,been the location of an important royal estate.
67b3596c88abcf92182cbcc530260fbe,i’ve provided a,link to jury nullification.
337537c2d5a8fd3e97be6be33b3502cf,"According to its website, Gerber Life sells life",insurance policies for children starting as early as infancy.
24c3a4e415cfd3356dd800df82ec63a6,‘(Alt) Right’ is what leftists,"call us, not what we call ourselves."
860a8ba38f926debaee8e29e7ff5b334,However we can draw shapes,which look just like fractals.
4d8dab295c10d43a2e9f270c7b8c3f7f,The Presbyterian Church (USA) voted in June,2014 to allow its pastors to marry same-sex couples.
22758ca29f425895a609790677506831,He’s clearly,a good NHL defenceman.
4eaded591861fa722ce86f7cd95369a9,The created model presents a 15 meter (49ft 2.6in,) long snake weighing 1100 kg (2425 lb).
52801e8ebbb9d3f981da1060eda78cfa,That’s still seen as,the currency of the family unit.
64fa9730bc68974d6b492b1f1750de42,"And hey, with Steve Jobs calling","the shots, anything is possible."
df2a8c8d7cc58965216fc41736562d9d,"Although the Marlins finished 77-85, they were just three",games below .500 at 71-74 when Giancarlo Stanton went down.
1429feee8b574625bbc00a2cdabda751,This is a long-held Southern tradition so,ingrained even the Coca-Cola Company promotes it.
6643d273d498ad1c0139209b55f4d4d0,Heat that is generated will also,be made for local use.
721f7a3e69170c725c49050e770b1487,"Please use caution and discretion when approaching these matters,",for not everyone is ready to confront these experiences head-on.
b1a18954852854150888714891a0d6db,He named the album,for its mood.
0bbe70b97eb1996452a9a84d7a14f8cd,"It was named for nearby Charbonneau Creek,",which was in turn named for Toussaint Charbonneau.
5b27b470e7f7d44f3068bd65a2cd841f,When Mack [Brown] raised,"his voice, it meant something."
c98ebeb11a073c14b39968e1c574c409,(Except when she,is armed.)
7f468c0c24273e56051603a7ac8c33a6,Forty-three* men have served,as president since 1789.
9e7783c8f944f111bd46bccde051dc11,At 30 he was married with one son,living and the winter infant Christopher dead.
9128a908415eda154e35b02801876294,They will reportedly continue to operate,quietly to further Obama-era policies.
f9ac69655e03130b684cd6b94cabc5a0,"To some, that’s what",makes Boston sports fans/media so great.
dff3ef97dcbbb898da53b26606b36cd5,"They came from all directions, and we",didn’t know where to run.
3265d21a0b6929b85258c5601966c1b0,"""I've been watching very carefully over the","last few years,"" Ferguson told ESPN FC."
d7e14ffdc714c73a283f5bf8050eeee1,"In other words, a",solid brick of aluminum.
450a766b5f9d416f37425f3642581781,"It brought her a sense of nostalgia, but",it was not something she wanted to return to.
813bc5af887e8029c11b02a8353cf034,The reaction towards Leonard Grey's fishing technique around,North Lake Prince Edward Island is certainly mixed.
fdc4bbdf324d198bd645149b75934702,But as soon as we hiked on a trail for,"15 or 20 minutes, the crowds just disappeared."
281ac3769144d477bda688290d98c069,Many times I would walk down the main,cables to mid-span and then walk back up.
a0f39ee5800c9fbaa06db5f3a8e7c361,"But when results are not favorable, it is",normal to lose interest and give up hope.
c4a99b384e9cac5a93f934c1331905f3,"Pramod: Okay,",that’s cool.
3fe0b70e9d30ff6eb78f7292f4eb1c24,And this one has to,be the crowning glory.
5cfaa0c95eb6e3937487ee465f9e4f6f,When young adults start a family,they will need a bigger house.
f010e5f6439de17d228a2bb4bf6347b0,Six score we’,d been that morning.
1b8cb5d1f68878b953263c4b71e20398,When in their own fields they could be used,"later in different ways, like for sorting."
c19946771d7c0dfbb4b6e0d8c90f3856,Ann N Y Acad Sci 1991,; 623 : 26 – 39 .
eee9604087f25e86cf0fb79df39641e2,If you haven’t guessed by,"now, I love this card."
618639003c457d2a9208789b53c67947,"Then in February, Dee saw the",signs that Paige was self harming.
d56981fa5b0793e65ece027de5c856d6,You don’t get many trilogies where all three,films complement each other so well and are so enjoyable.
df18d774302fa56243460c4d41b5eb4d,"""This is what",Page 3 does.
444828b60a919cf51151d8e236069a89,That scenario has some definite,parallels to Miller’s.
113a9f75a1a97360a5727a6be1108484,The person that makes such decisions,is not being given a choice.
ab94a22d4b3bb85ac723c97c537c4af3,Solar and nuclear are,the way forward.
50e291aed58efb81a1a26fded2863ed7,But I don’t rule,out a surprise third-act inking.
bda7c0b02b04acbc281df9a42bbb3156,The colour orange is finished,in Turkey!!!
bd02cac1a15a6406822fcd269a17e72a,"In several games, both players actually managed to stabilize",on two or more bases with large gateway/templar armies.
ba9b153844934ced5005c573c1e68b76,In fact we’re currently,working on a small announcement trailer.
194c54aff45c87d3750c3576424d449c,"Subtleties, such as character mannerisms and","dialogue, reflect actual cultural differences."
d87b419e8dc6b2f02168193e149dc903,"Admittedly, the music",sounded fucking great.
d1d738c8b9b2dd0957d7a69d58283c30,I took it for,13 weeks intravenously.
98a1677ba332db3dbaea7684de28d7b8,"Richard looked ashen and frail, and yet",I could see something glowing in him.
90d5b630641dc9e212eb22535b942b22,Noble also advocated for this removal of men from,society at the infamous NUS Women 2015 conference.
4dacc28e3cf628244c7384cec995e070,"Ah, the unwashed loners are winning the war in","cyberspace, and I doubt they have low self-esteem."
633d5e122b6e8755e77b76198aabbbd2,He stopped and gave her an incredulous,stare before finally rolling his eyes.
6ff56d1433cd7073d5df282355eca440,"Along the way, Rummerfield has overcome five","knee operations, broken legs and fractured ankles."
ef0c536f8591c1feee8f3b43f88d5ddc,'Bring it on' Queensland Labor MP Graham,Perrett greeted the news with enthusiasm on Twitter.
4b0f64268fe0d3e771cb167b628a558e,I am sure many doctors and medical,experts would agree with what I say.
a30fdf0176c129713e6a559e66f61fe4,"The brain isn't static,",it is capable of rewiring.
f86392d121773c19ddcc7a32e8b210cf,Black tip ammo has a hardened steel tip much,better at punching through armor than green ammo does.
b0f540c34015bfee2bd9043375b8015c,But the FLA did nevertheless uncover,many unfortunate instances of worker maltreatment.
a594bbda9ee78177a87f13d0bf767df4,After that we started,meeting at the dumpsters.
b67eb1b9c16bcd41a6e9954701364f60,Pour it onto the ground around your altar space,as an offering to the earth**.
2f85f657473883b35d640d0c7f46046b,"During the first half of the Eighties, huge mass",struggles took place against nuclear power plants in Italy.
c9e840a0e3d40c0cb8453b48f54e776d,“I have finally figured it,"out,” she said."
819d5c28e6829f99d85235186c5d5645,"From 11/10 to 11/17, you can purchase plays",for up to 50% off the regular price.
ae2daa7131940ecc60819e53184ba2af,New Indiana Pacers coach Nate McMillan has been,a busy man the past few weeks.
3d79c536aa740677a4545f330adc7a33,I would venture to say that’s,the second-most important thing an offense can do.
1e834ff91937cf27c3d5491cd22c2a36,"Within a million dollars,",what is that number?
9aaea639071886976befd848d3f08287,Ideas are being exchanged,with clubs in Spain.
427a3cf30b0f5e4a039bc8cdbfa89497,"They love their hobby, and when critics come armed","with evidence-free theories about its toxicity, they react."
9e5df11d41aefb715547be60a1403d72,"""But it's going to",be a long wait for them.
059c5d6fff53037bdb01356e848caa0f,"""I suppose it's time to head back","and leave the past where it belongs."""
28959ef27b7705be7fa851363db21355,We need to learn to respect the,will of the people of Brazil.
d219492392a198eaf32541b55683112f,"Honestly, I have mixed",feelings at this point.
61f5f00e325ed8e6021942ee260fbdb2,Shifts in rank are most,common during the breeding season.
d86039c60e0a2e4d9e6cd65efae90e95,The app itself is a virtual joystick that,can move the drone forward and backward.
eb52915848f61a0639e6da683446a748,The truth is that,it is not.
6ce0687621d1f526d3b9e226dd7a0141,Heat on the above type water bath,until no more alcohol is left.
291c20bd3457b2c685e732ade94dc1d7,“I would like to,make one thing clear.
b55abc22b9081e1975fb5d81ec4096bd,"I looked sternly, straight","ahead, my gaze unmoving."
540555e0f6a8e43d0dbcc0fae4273b6c,That's how the right,'s machine works today.
aa83233fa75ef319b7948b9a9a9c010b,"Pattern design features aside, there",'s the whole topic of 3D.
09450f541c42205b3a32bc9ca92766ba,Best Case Scenario Pro Comparison,": LeGarrette Blount, New England"
aa97ccceb04395ed56540f751f53e065,“But today the,point is this.
d81da523014fb8582fbf00ae64460b15,The Tour might have a very,different reading of this term.
e42ff4edac25e617a79d740b395e03ea,I made the choice to get this project done,and that choice helped me do something incredible.
d445a4b51a2d998e6294ce29ea97bd82,Artists don't generally like to moan about their economic,"plight, for fear of seeming ungrateful or mercenary."
68f9f49b086f2a13e1400b1656c9027d,The origin is credited to the,mother of then-CEO John Martin.
2ebb07e72c4da404f3e8a2467ffe5d32,Because Westworld is set in an amusement,"park, the movie deliberately invokes clichés."
ea2f003eb8bec09f4d41a502e5353cea,But it was the height of the,project that caused the most consternation.
a38bf9d94296a10cf248973ceeaa86fb,These images were made available to,the Dutch OM one month later.
a4ed2ad45168ed81383f45f9cb80032d,The sticker initiative is,a six-month pilot program.
ddec8de701abc6e67fd2499cd21585d5,Will a new face suddenly make a,name for themselves on the national stage?
6cef082d3e9e31bd218c41b0de7c01f1,For those who want ½-ton livability with near-¾-ton capability,", the Titan XD is a compelling choice."
64620c70b0c9d17ed851cecdfcac3b69,“You’re on the,ice four times a week.
905ddca0a1de81b9e9fb00e6ff43a11b,I’m going to pick on the ones that,I think people are likely to share on social media.
83bb5f3e48be5e549c625e15afa3d82f,“But I’,m not expecting that.
b78614325fc4b41c0e1e141f894d5194,We reviewed Tillis’ public statements on the issue,and found that he has provided few specifics.
